﻿<mockup version="5.3" minAllowVersion="5.3" ID="9C24D049-94C2-4299-8606-4A1774DF4E98" platform="MtWeb" defaultW="1300" defaultH="1300" measureW="1300" measureH="2400" mobileScreenScale="0">
  <controls controlCount="9">
    <control controlID="689E84A9-F586-4D20-83BD-D575A441D8AB" controlTypeID="Tabs" x="20" y="60" w="1264" h="106" zOrder="0">
      <links eventType="AtClick" animate="AmNone" animateAutoDelay="0" animateDuration="500">
        <link targetPageID="52234D07-DCBC-45D0-BE62-EB2C082A43BA" linkType="ltPageLink" isApplyIncludePage="False" title="homepage">
          <area shape="0" alt="" ID="{BB69367C-E4B6-4576-BE18-35E81332B1F7}" coords="(0,0,251.800003051758,106)"/>
        </link>
        <link targetPageID="A55E6F3E-E55F-428A-B20D-D3DA3A4426FC" linkType="ltPageLink" isApplyIncludePage="False" title="research">
          <area shape="0" alt="" ID="{C2CF7B73-BC89-4935-A892-42F470B405C7}" coords="(252.800003051758,0,504.600006103516,106)"/>
        </link>
        <link targetPageID="891C3A98-9653-430B-8617-8387697576AD" linkType="ltPageLink" isApplyIncludePage="False" title="honor">
          <area shape="0" alt="" ID="{75678512-9C7D-402C-9112-7668DC3CBE5B}" coords="(505.600006103516,0,757.400024414063,106)"/>
        </link>
        <link targetPageID="C3AD961E-A57D-48D3-9797-6FD7603F4F44" linkType="ltPageLink" isApplyIncludePage="False" title="diversification">
          <area shape="0" alt="" ID="{79CE8D18-3C17-488C-9BD9-8988C7728A8C}" coords="(758.400024414063,0,1010.20001220703,106)"/>
        </link>
        <link targetPageID="888EB620-9A0C-4BB9-B330-0F36791C448D" linkType="ltPageLink" isApplyIncludePage="False" title="interest">
          <area shape="0" alt="" ID="{E5C33F34-1608-4B95-BFE9-8CB86815DFAD}" coords="(1011.20001220703,0,1263,106)"/>
        </link>
      </links>
      <font family="%E5%BE%AE%E8%BD%AF%E9%9B%85%E9%BB%91" displayName="%E5%BE%AE%E8%BD%AF%E9%9B%85%E9%BB%91" postScript="" weightStyle="Regular" weight="400" isBold="False" isItalic="False"/>
      <text>homepage%EF%BC%8Cresearch%EF%BC%8Chonor%EF%BC%8Cdiversification%EF%BC%8Cinterest</text>
      <textColor>4294901811</textColor>
      <textSize>32</textSize>
      <lineSpacing>0</lineSpacing>
      <useDefaultTextSize>False</useDefaultTextSize>
    </control>
    <control controlID="2E7C718A-FD0E-4532-887A-601D7BC673D7" controlTypeID="Label" x="98" y="248" w="1044" h="32" zOrder="1">
      <font family="%E5%BE%AE%E8%BD%AF%E9%9B%85%E9%BB%91" displayName="%E5%BE%AE%E8%BD%AF%E9%9B%85%E9%BB%91+Bold" postScript="" weightStyle="Bold" weight="700" isBold="True" isItalic="False"/>
      <text>Industrial+Pipeline+Health+Monitoring+System+Based+on+Magnetostrictive+Guided+Wave</text>
      <textSize>24</textSize>
      <lineSpacing>0</lineSpacing>
      <textStyles>[fsBold]</textStyles>
      <useDefaultTextSize>False</useDefaultTextSize>
      <selectedIndex>-1</selectedIndex>
    </control>
    <control controlID="E071CBDF-BEA6-45C2-857B-56BF8BD53959" controlTypeID="TextArea" x="75" y="1714" w="1150" h="612" zOrder="2">
      <font family="%E5%BE%AE%E8%BD%AF%E9%9B%85%E9%BB%91" displayName="%E5%BE%AE%E8%BD%AF%E9%9B%85%E9%BB%91" postScript="" weightStyle="Regular" weight="400" isBold="False" isItalic="False"/>
      <text>%EF%82%B7+Analysis+of+the+propagation+characteristics+of+the+guided+missiles%3A+By+solving+the+characteristic+equations+of+the+guided+waves+in+the+pipeline%2C+the+dispersion+curves+of+the+torsional+guided+waves+and+the+longitudinal+guided+waves+are+plotted%2C+and+then+the+propagation+characteristics+are+analyzed.%0D%0A%0D%0A%EF%82%B7Design+a+magnetostrictive+torsion+guided+wave+sensor%3A+select+the+working+point+of+the+sensor+according+to+the+dispersion+curve%2C+design+the+line+spacing+and+working+frequency+of+the+zigzag+coil%2C+and+perform+impedance+matching.+At+the+same+time%2C+among+the+commonly+used+magnetostrictive+materials%2C+a+material+with+better+effect+is+selected+as+the+magnetostrictive+belt%2C+and+the+design+of+the+bidirectional+radiation+type+guided+wave+sensor+is+completed.%0D%0A%0D%0A%EF%82%B7Verify+pipeline+damage+monitoring+experiment%3A+Establish+a+magnetostrictive+guided+wave+pipeline+defect+detection+system.+On+this+basis%2C+the+experimental+study+on+the+effective+detection+distance+of+magnetostrictive+guided+waves%2C+the+sensitivity+of+defect+detection+and+the+single-guide+wave+excitation+reception+for+steel+tubes.</text>
      <textSize>28</textSize>
      <useDefaultTextSize>False</useDefaultTextSize>
      <selectedIndex>-1</selectedIndex>
    </control>
    <control controlID="601284C3-934D-4C80-B13C-D6BCA8C13418" controlTypeID="Label" x="1034" y="338" w="202" h="27" zOrder="3">
      <font family="%E5%BE%AE%E8%BD%AF%E9%9B%85%E9%BB%91" displayName="%E5%BE%AE%E8%BD%AF%E9%9B%85%E9%BB%91" postScript="" weightStyle="Regular" weight="400" isBold="False" isItalic="False"/>
      <text>Sep+2017+%E2%80%93+Aug+2018</text>
      <textSize>20</textSize>
      <lineSpacing>0</lineSpacing>
      <useDefaultTextSize>False</useDefaultTextSize>
      <selectedIndex>-1</selectedIndex>
    </control>
    <control controlID="FB3A6879-98D7-43E1-8EF3-F3CEB25C6D77" controlTypeID="Image" x="0" y="328" w="1268" h="1252" zOrder="4">
      <URL>F5861D614B63CA8805F439B30DE9684D.jpg</URL>
    </control>
    <control controlID="07B21220-D6EF-4FBA-8C00-80D388ACC448" controlTypeID="HSplitter" x="0" y="1512" w="1300" h="10" zOrder="5"/>
    <control controlID="401A251C-6077-4332-9311-2E4E9B2D928E" controlTypeID="TextArea" x="104" y="394" w="1132" h="1294" zOrder="6">
      <font family="%E5%BE%AE%E8%BD%AF%E9%9B%85%E9%BB%91" displayName="%E5%BE%AE%E8%BD%AF%E9%9B%85%E9%BB%91" postScript="" weightStyle="Regular" weight="400" isBold="False" isItalic="False"/>
      <text>Magnetostrictive+guided+wave+detection+technology+is+a+new+non-destructive+testing+technology+with+high+detection+efficiency+and+low+cost.+It+can+realize+long-distance+defect+detection+with+single-point+excitation%2C+and+is+suitable+for+defect+detection+and+long-term+monitoring+of+industrial+pipelines.+In+this+paper%2C+a+magnetostrictive+torsional+guided+wave+sensor+for+long-distance+pipeline+defect+detection+is+designed%2C+and+the+magnetostrictive+guided+wave+pipeline+detection+method+is+deeply+studied.%0D%0A%0D%0ABy+solving+the+characteristic+equation+of+the+guided+wave+in+the+pipeline%2C+the+dispersion+curves+of+the+torsional+guided+wave+and+the+longitudinal+guided+wave+are+drawn%2C+and+then+the+propagation+characteristics+are+analyzed.+On+this+basis%2C+the+T+(0%2C+1)+modal+guided+wave+is+selected+for+defect+detection+to+eliminate+the+adverse+effects+of+dispersion+and+multi-modal+characteristics%2C+and+provide+a+theoretical+basis+for+designing+a+sensor+capable+of+exciting+and+receiving+a+single+modal+guided+wave.%0D%0A%0D%0AAccording+to+the+engineering+application+requirements%2C+determine+the+sensor+operating+point%2C+design+the+line+spacing+and+working+frequency+of+the+zigzag+coil%2C+and+perform+impedance+matching.+At+the+same+time%2C+the+magnetostrictive+tape+is+made+by+selecting+iron-cobalt+alloy+through+contrast+experiment%2C+which+ensures+the+transducing+efficiency+of+the+sensor.+On+this+basis%2C+the+design+of+the+two-way+magnetostrictive+guided+wave+sensor+is+completed.+In+addition%2C+a+mathematical+model+of+single-guide+wave+excitation+and+reception+is+established+and+solved%2C+and+then+a+unidirectional+magnetostrictive+guided+wave+sensor+is+designed%2C+and+a+phase+control+method+of+the+excitation+pulse+is+determined.%0D%0A%0D%0AAn+ultrasonic+guided+wave+pipeline+defect+detection+system+was+established%2C+and+the+designed+bidirectional+and+one-way+sensors+were+experimentally+studied.+The+experimental+results+show+that+the+effective+detection+distance+of+the+double-guided+wave+sensor+is+5m%2C+the+highest+detection+sensitivity+is+1%25+section+loss%2C+and+the+reliable+detection+sensitivity+is+2.5%25+section+loss.+The+amplitude+of+the+enhanced+side+signal+of+the+single-guide+wave+sensor+is+twice+that+of+a+single+coil%2C+and+the+amplitude+of+the+suppression+side+signal+is+1%2F3+of+that+of+a+single+coil.+The+sensor+designed+in+this+paper+can+realize+long-distance+detection+of+pipeline+defects%2C+and+the+detection+sensitivity+reaches+the+advanced+level+at+home+and+abroad.</text>
      <textSize>20</textSize>
      <useDefaultTextSize>False</useDefaultTextSize>
      <selectedIndex>-1</selectedIndex>
    </control>
    <control controlID="C462B3C6-9D78-43A5-9B4F-B436D79CE03D" controlTypeID="Label" x="75" y="1646" w="125" h="32" zOrder="7">
      <font family="%E5%BE%AE%E8%BD%AF%E9%9B%85%E9%BB%91" displayName="%E5%BE%AE%E8%BD%AF%E9%9B%85%E9%BB%91+Bold" postScript="" weightStyle="Bold" weight="700" isBold="True" isItalic="False"/>
      <text>What+I+did</text>
      <textSize>24</textSize>
      <lineSpacing>0</lineSpacing>
      <textStyles>[fsBold]</textStyles>
      <useDefaultTextSize>False</useDefaultTextSize>
      <selectedIndex>-1</selectedIndex>
    </control>
    <control controlID="935B9E96-19FC-490C-B4CF-7FF9597E5D38" controlTypeID="Label" x="1028" y="322" w="202" h="27" zOrder="8">
      <font family="%E5%BE%AE%E8%BD%AF%E9%9B%85%E9%BB%91" displayName="%E5%BE%AE%E8%BD%AF%E9%9B%85%E9%BB%91" postScript="" weightStyle="Regular" weight="400" isBold="False" isItalic="False"/>
      <text>Sep+2017+%E2%80%93+Aug+2018</text>
      <textSize>20</textSize>
      <lineSpacing>0</lineSpacing>
      <useDefaultTextSize>False</useDefaultTextSize>
      <selectedIndex>-1</selectedIndex>
    </control>
  </controls>
  <param>
    <backgroundColor>4294967295</backgroundColor>
    <fontSize>14</fontSize>
    <fontFamily>%E5%BE%AE%E8%BD%AF%E9%9B%85%E9%BB%91</fontFamily>
    <guideLines/>
  </param>
</mockup>