﻿<mockup version="5.3" minAllowVersion="5.3" ID="F38377CB-A507-4B69-92C4-88C0ACA5915D" platform="MtWeb" defaultW="1400" defaultH="4000" measureW="1400" measureH="1080" mobileScreenScale="0">
  <controls controlCount="46">
    <control controlID="D23F0D52-3250-4355-8433-3B6FA8F15A52" controlTypeID="Image" x="132" y="106" w="1126" h="554" zOrder="0">
      <opacity>0.600000023841858</opacity>
    </control>
    <control controlID="3CBB50A6-8E6D-498B-A467-16F02CBC2BB4" controlTypeID="Shape" x="776" y="191" w="440" h="383" zOrder="1">
      <borderColor>4291611852</borderColor>
      <font family="%E5%BE%AE%E8%BD%AF%E9%9B%85%E9%BB%91" displayName="%E5%BE%AE%E8%BD%AF%E9%9B%85%E9%BB%91" postScript="" weightStyle="Regular" weight="400" isBold="False" isItalic="False"/>
      <textSize>14</textSize>
      <selectedIndex>-1</selectedIndex>
    </control>
    <control controlID="3C34C335-BDE4-4620-B682-5FA96F91D0E3" controlTypeID="__group__" x="776" y="191" w="440" h="383" zOrder="2">
      <isShow>False</isShow>
      <groupChildrenDescriptors>
        <control controlID="7D5139F6-8699-43D9-9979-9025B1C6C5FD" controlTypeID="Shape" x="0" y="0" w="440" h="383" zOrder="0">
          <borderColor>4291611852</borderColor>
          <font family="%E5%BE%AE%E8%BD%AF%E9%9B%85%E9%BB%91" displayName="%E5%BE%AE%E8%BD%AF%E9%9B%85%E9%BB%91" postScript="" weightStyle="Regular" weight="400" isBold="False" isItalic="False"/>
          <textSize>14</textSize>
          <selectedIndex>-1</selectedIndex>
        </control>
        <control controlID="B1E5073A-E8FD-446B-A840-7AE5AB495093" controlTypeID="TextInput" x="50" y="110" w="340" h="34" zOrder="1">
          <borderColor>4291611852</borderColor>
          <font family="%E5%BE%AE%E8%BD%AF%E9%9B%85%E9%BB%91" displayName="%E5%BE%AE%E8%BD%AF%E9%9B%85%E9%BB%91" postScript="" weightStyle="Regular" weight="400" isBold="False" isItalic="False"/>
          <text>%E6%89%8B%E6%9C%BA%E5%8F%B7</text>
          <textColor>4290691264</textColor>
          <lineSpacing>0</lineSpacing>
          <selectedIndex>-1</selectedIndex>
        </control>
        <control controlID="6CAD2836-8829-4756-898F-7548497BA9DD" controlTypeID="TextInput" x="188" y="166" w="202" h="34" zOrder="2">
          <borderColor>4291611852</borderColor>
          <font family="%E5%BE%AE%E8%BD%AF%E9%9B%85%E9%BB%91" displayName="%E5%BE%AE%E8%BD%AF%E9%9B%85%E9%BB%91" postScript="" weightStyle="Regular" weight="400" isBold="False" isItalic="False"/>
          <text>%E5%8A%A8%E6%80%81%E5%AF%86%E7%A0%81</text>
          <textColor>4290691264</textColor>
          <lineSpacing>0</lineSpacing>
          <selectedIndex>-1</selectedIndex>
        </control>
        <control controlID="8A7C3146-01AF-4BE2-BBA8-CC94F9E32CEA" controlTypeID="Button" x="50" y="246" w="340" h="40" zOrder="3">
          <states>
            <state propName="Color" stateType="state_mouseOver" isChecked="True" value="3439276902" varType="20"/>
          </states>
          <color>4294914918</color>
          <borderVisible>False</borderVisible>
          <font family="%E5%BE%AE%E8%BD%AF%E9%9B%85%E9%BB%91" displayName="%E5%BE%AE%E8%BD%AF%E9%9B%85%E9%BB%91" postScript="" weightStyle="Regular" weight="400" isBold="False" isItalic="False"/>
          <text>%E7%A1%AE%E5%AE%9A</text>
          <textColor>4294967295</textColor>
          <lineSpacing>0</lineSpacing>
          <selectedIndex>-1</selectedIndex>
          <radius>4</radius>
        </control>
        <control controlID="36D968DD-1160-4C1A-A7D4-D21A810BD402" controlTypeID="Icon" x="50" y="314" w="24" h="24" zOrder="4">
          <color>4281584691</color>
          <icon>
            <ID/>
            <iconFontName>jdFontAwesome</iconFontName>
            <iconCode>61911</iconCode>
          </icon>
          <URL>8FCAE88BF9E7F70E7C2A7CED8744F6DC.svg</URL>
        </control>
        <control controlID="A0922383-21F8-4591-8A7E-3116731457DF" controlTypeID="Label" x="82" y="316" w="56" h="19" zOrder="5">
          <states>
            <state propName="Alpha100" stateType="state_mouseOver" isChecked="True" value="80" varType="4"/>
          </states>
          <font family="%E5%BE%AE%E8%BD%AF%E9%9B%85%E9%BB%91" displayName="%E5%BE%AE%E8%BD%AF%E9%9B%85%E9%BB%91" postScript="" weightStyle="Regular" weight="400" isBold="False" isItalic="False"/>
          <text>%E5%BE%AE%E4%BF%A1%E7%99%BB%E5%BD%95</text>
          <textColor>4285032810</textColor>
          <lineSpacing>0</lineSpacing>
          <selectedIndex>-1</selectedIndex>
        </control>
        <control controlID="EE0821F8-29F3-48D4-9672-27BF8BE1083C" controlTypeID="Label" x="249" y="316" w="55" h="19" zOrder="6">
          <font family="%E5%BE%AE%E8%BD%AF%E9%9B%85%E9%BB%91" displayName="%E5%BE%AE%E8%BD%AF%E9%9B%85%E9%BB%91" postScript="" weightStyle="Regular" weight="400" isBold="False" isItalic="False"/>
          <text>%E5%BF%98%E8%AE%B0%E5%AF%86%E7%A0%81</text>
          <lineSpacing>0</lineSpacing>
          <selectedIndex>-1</selectedIndex>
        </control>
        <control controlID="F8C2AA6E-1716-4355-8871-86D3B178AA3E" controlTypeID="Label" x="334" y="316" w="56" h="19" zOrder="7">
          <states>
            <state propName="TextColor" stateType="state_mouseOver" isChecked="True" value="3439276902" varType="20"/>
          </states>
          <font family="%E5%BE%AE%E8%BD%AF%E9%9B%85%E9%BB%91" displayName="%E5%BE%AE%E8%BD%AF%E9%9B%85%E9%BB%91" postScript="" weightStyle="Regular" weight="400" isBold="False" isItalic="False"/>
          <text>%E5%85%8D%E8%B4%B9%E6%B3%A8%E5%86%8C</text>
          <textColor>4294914918</textColor>
          <lineSpacing>0</lineSpacing>
          <selectedIndex>-1</selectedIndex>
        </control>
        <control controlID="CAAC8E7A-2968-4519-B285-14C76A804A76" controlTypeID="Button" x="50" y="166" w="128" h="34" zOrder="8">
          <states>
            <state propName="BorderColor" stateType="state_mouseOver" isChecked="True" value="3429262950" varType="20"/>
          </states>
          <color>4294914918</color>
          <borderVisible>False</borderVisible>
          <font family="%E5%BE%AE%E8%BD%AF%E9%9B%85%E9%BB%91" displayName="%E5%BE%AE%E8%BD%AF%E9%9B%85%E9%BB%91" postScript="" weightStyle="Regular" weight="400" isBold="False" isItalic="False"/>
          <text>%E8%8E%B7%E5%8F%96%E5%8A%A8%E6%80%81%E5%AF%86%E7%A0%81</text>
          <textColor>4294967295</textColor>
          <lineSpacing>0</lineSpacing>
          <selectedIndex>-1</selectedIndex>
          <radius>0</radius>
        </control>
      </groupChildrenDescriptors>
    </control>
    <control controlID="C4845303-EC5C-4410-972C-1F6730410216" controlTypeID="Image" x="130" y="27" w="120" h="50" zOrder="3">
      <caption>Logo</caption>
      <links eventType="AtClick" animate="AmNone" animateAutoDelay="0" animateDuration="500">
        <link targetPageID="52234D07-DCBC-45D0-BE62-EB2C082A43BA" linkType="ltPageLink" isApplyIncludePage="False" title="%E9%A6%96%E9%A1%B5">
          <area shape="0" alt="" ID="{856FF579-9140-4F9A-B543-F92BFCDED2F3}" coords="(0,0,120,50)"/>
        </link>
      </links>
    </control>
    <control controlID="01D8009F-2F69-4768-B40D-0EC7E13F149C" controlTypeID="Label" x="131" y="738" w="71" h="24" zOrder="4">
      <font family="%E5%BE%AE%E8%BD%AF%E9%9B%85%E9%BB%91" displayName="%E5%BE%AE%E8%BD%AF%E9%9B%85%E9%BB%91+Bold" postScript="" weightStyle="Bold" weight="700" isBold="True" isItalic="False"/>
      <text>%E4%B9%B0%E5%AE%B6%E5%B8%AE%E5%8A%A9</text>
      <textSize>18</textSize>
      <lineSpacing>0</lineSpacing>
      <textStyles>[fsBold]</textStyles>
      <useDefaultTextSize>False</useDefaultTextSize>
      <selectedIndex>-1</selectedIndex>
    </control>
    <control controlID="72933811-B20A-465F-86C8-2581AF1B18BC" controlTypeID="Label" x="131" y="789" w="56" h="19" zOrder="5">
      <states>
        <state propName="TextColor" stateType="state_mouseOver" isChecked="True" value="4294914918" varType="20"/>
      </states>
      <font family="%E5%BE%AE%E8%BD%AF%E9%9B%85%E9%BB%91" displayName="%E5%BE%AE%E8%BD%AF%E9%9B%85%E9%BB%91" postScript="" weightStyle="Regular" weight="400" isBold="False" isItalic="False"/>
      <text>%E6%96%B0%E6%89%8B%E6%8C%87%E5%8D%97</text>
      <textColor>4285032810</textColor>
      <lineSpacing>0</lineSpacing>
      <selectedIndex>-1</selectedIndex>
    </control>
    <control controlID="F340CD46-6A0D-45C8-9AB8-A873E9F28145" controlTypeID="Label" x="131" y="828" w="56" h="19" zOrder="6">
      <states>
        <state propName="TextColor" stateType="state_mouseOver" isChecked="True" value="4294914918" varType="20"/>
      </states>
      <font family="%E5%BE%AE%E8%BD%AF%E9%9B%85%E9%BB%91" displayName="%E5%BE%AE%E8%BD%AF%E9%9B%85%E9%BB%91" postScript="" weightStyle="Regular" weight="400" isBold="False" isItalic="False"/>
      <text>%E6%9C%8D%E5%8A%A1%E4%BF%9D%E9%9A%9C</text>
      <textColor>4285032810</textColor>
      <lineSpacing>0</lineSpacing>
      <selectedIndex>-1</selectedIndex>
    </control>
    <control controlID="D59ED259-0319-4EE2-BF0B-1DC4DC7B67BF" controlTypeID="Label" x="131" y="867" w="56" h="19" zOrder="7">
      <states>
        <state propName="TextColor" stateType="state_mouseOver" isChecked="True" value="4294914918" varType="20"/>
      </states>
      <font family="%E5%BE%AE%E8%BD%AF%E9%9B%85%E9%BB%91" displayName="%E5%BE%AE%E8%BD%AF%E9%9B%85%E9%BB%91" postScript="" weightStyle="Regular" weight="400" isBold="False" isItalic="False"/>
      <text>%E5%B8%B8%E8%A7%81%E9%97%AE%E9%A2%98</text>
      <textColor>4285032810</textColor>
      <lineSpacing>0</lineSpacing>
      <selectedIndex>-1</selectedIndex>
    </control>
    <control controlID="E6A93D47-2943-44A5-869B-A03D290E0919" controlTypeID="Label" x="131" y="906" w="55" h="19" zOrder="8">
      <states>
        <state propName="TextColor" stateType="state_mouseOver" isChecked="True" value="4294914918" varType="20"/>
      </states>
      <font family="%E5%BE%AE%E8%BD%AF%E9%9B%85%E9%BB%91" displayName="%E5%BE%AE%E8%BD%AF%E9%9B%85%E9%BB%91" postScript="" weightStyle="Regular" weight="400" isBold="False" isItalic="False"/>
      <text>%E9%A3%8E%E9%99%A9%E7%9B%91%E6%B5%8B</text>
      <textColor>4285032810</textColor>
      <lineSpacing>0</lineSpacing>
      <selectedIndex>-1</selectedIndex>
    </control>
    <control controlID="26D3875E-CB4B-4601-B1DB-53FB6E943AE2" controlTypeID="Label" x="319" y="738" w="71" h="24" zOrder="9">
      <font family="%E5%BE%AE%E8%BD%AF%E9%9B%85%E9%BB%91" displayName="%E5%BE%AE%E8%BD%AF%E9%9B%85%E9%BB%91+Bold" postScript="" weightStyle="Bold" weight="700" isBold="True" isItalic="False"/>
      <text>%E5%95%86%E5%AE%B6%E5%B8%AE%E5%8A%A9</text>
      <textSize>18</textSize>
      <lineSpacing>0</lineSpacing>
      <textStyles>[fsBold]</textStyles>
      <useDefaultTextSize>False</useDefaultTextSize>
      <selectedIndex>-1</selectedIndex>
    </control>
    <control controlID="F008B40E-8030-4F83-A0BF-8B7F255E343C" controlTypeID="Label" x="319" y="789" w="70" h="19" zOrder="10">
      <states>
        <state propName="TextColor" stateType="state_mouseOver" isChecked="True" value="4294914918" varType="20"/>
      </states>
      <font family="%E5%BE%AE%E8%BD%AF%E9%9B%85%E9%BB%91" displayName="%E5%BE%AE%E8%BD%AF%E9%9B%85%E9%BB%91" postScript="" weightStyle="Regular" weight="400" isBold="False" isItalic="False"/>
      <text>%E4%BE%9B%E8%B4%A7%E5%95%86%E6%8B%9B%E5%8B%9F</text>
      <textColor>4285032810</textColor>
      <lineSpacing>0</lineSpacing>
      <selectedIndex>-1</selectedIndex>
    </control>
    <control controlID="76933B97-81B7-4B05-97A0-EC01FEF06668" controlTypeID="Label" x="319" y="828" w="56" h="19" zOrder="11">
      <states>
        <state propName="TextColor" stateType="state_mouseOver" isChecked="True" value="4294914918" varType="20"/>
      </states>
      <font family="%E5%BE%AE%E8%BD%AF%E9%9B%85%E9%BB%91" displayName="%E5%BE%AE%E8%BD%AF%E9%9B%85%E9%BB%91" postScript="" weightStyle="Regular" weight="400" isBold="False" isItalic="False"/>
      <text>%E5%95%86%E5%AE%B6%E5%90%8E%E5%8F%B0</text>
      <textColor>4285032810</textColor>
      <lineSpacing>0</lineSpacing>
      <selectedIndex>-1</selectedIndex>
    </control>
    <control controlID="629349B2-617C-434E-854E-35E7628EC118" controlTypeID="Label" x="319" y="867" w="56" h="19" zOrder="12">
      <states>
        <state propName="TextColor" stateType="state_mouseOver" isChecked="True" value="4294914918" varType="20"/>
      </states>
      <font family="%E5%BE%AE%E8%BD%AF%E9%9B%85%E9%BB%91" displayName="%E5%BE%AE%E8%BD%AF%E9%9B%85%E9%BB%91" postScript="" weightStyle="Regular" weight="400" isBold="False" isItalic="False"/>
      <text>%E8%A7%84%E5%88%99%E4%B8%AD%E5%BF%83</text>
      <textColor>4285032810</textColor>
      <lineSpacing>0</lineSpacing>
      <selectedIndex>-1</selectedIndex>
    </control>
    <control controlID="77DF069D-143A-42C9-994D-4340F74F1B78" controlTypeID="Label" x="508" y="738" w="71" h="24" zOrder="13">
      <font family="%E5%BE%AE%E8%BD%AF%E9%9B%85%E9%BB%91" displayName="%E5%BE%AE%E8%BD%AF%E9%9B%85%E9%BB%91+Bold" postScript="" weightStyle="Bold" weight="700" isBold="True" isItalic="False"/>
      <text>%E5%85%B3%E4%BA%8E%E6%88%91%E4%BB%AC</text>
      <textSize>18</textSize>
      <lineSpacing>0</lineSpacing>
      <textStyles>[fsBold]</textStyles>
      <useDefaultTextSize>False</useDefaultTextSize>
      <selectedIndex>-1</selectedIndex>
    </control>
    <control controlID="1D1F727F-5396-4A44-BCCA-39D1CDC1CCA8" controlTypeID="Label" x="508" y="789" w="70" h="19" zOrder="14">
      <states>
        <state propName="TextColor" stateType="state_mouseOver" isChecked="True" value="4294914918" varType="20"/>
      </states>
      <font family="%E5%BE%AE%E8%BD%AF%E9%9B%85%E9%BB%91" displayName="%E5%BE%AE%E8%BD%AF%E9%9B%85%E9%BB%91" postScript="" weightStyle="Regular" weight="400" isBold="False" isItalic="False"/>
      <text>%E5%85%B3%E4%BA%8E%E7%BE%8E%E4%B8%BD%E8%AF%B4</text>
      <textColor>4285032810</textColor>
      <lineSpacing>0</lineSpacing>
      <selectedIndex>-1</selectedIndex>
    </control>
    <control controlID="B55DE76B-DCCE-405C-88B0-E28F401E4982" controlTypeID="Label" x="508" y="828" w="55" h="19" zOrder="15">
      <states>
        <state propName="TextColor" stateType="state_mouseOver" isChecked="True" value="4294914918" varType="20"/>
      </states>
      <font family="%E5%BE%AE%E8%BD%AF%E9%9B%85%E9%BB%91" displayName="%E5%BE%AE%E8%BD%AF%E9%9B%85%E9%BB%91" postScript="" weightStyle="Regular" weight="400" isBold="False" isItalic="False"/>
      <text>%E8%81%94%E7%B3%BB%E6%88%91%E4%BB%AC</text>
      <textColor>4285032810</textColor>
      <lineSpacing>0</lineSpacing>
      <selectedIndex>-1</selectedIndex>
    </control>
    <control controlID="BD350301-748F-4D3D-93C3-93433A773769" controlTypeID="Label" x="696" y="738" w="71" h="24" zOrder="16">
      <font family="%E5%BE%AE%E8%BD%AF%E9%9B%85%E9%BB%91" displayName="%E5%BE%AE%E8%BD%AF%E9%9B%85%E9%BB%91+Bold" postScript="" weightStyle="Bold" weight="700" isBold="True" isItalic="False"/>
      <text>%E5%85%B3%E6%B3%A8%E6%88%91%E4%BB%AC</text>
      <textSize>18</textSize>
      <lineSpacing>0</lineSpacing>
      <textStyles>[fsBold]</textStyles>
      <useDefaultTextSize>False</useDefaultTextSize>
      <selectedIndex>-1</selectedIndex>
    </control>
    <control controlID="9322C403-0F75-4EA7-BE16-312B607A0A89" controlTypeID="Label" x="696" y="789" w="56" h="19" zOrder="17">
      <states>
        <state propName="TextColor" stateType="state_mouseOver" isChecked="True" value="4294914918" varType="20"/>
      </states>
      <font family="%E5%BE%AE%E8%BD%AF%E9%9B%85%E9%BB%91" displayName="%E5%BE%AE%E8%BD%AF%E9%9B%85%E9%BB%91" postScript="" weightStyle="Regular" weight="400" isBold="False" isItalic="False"/>
      <text>%E6%96%B0%E6%B5%AA%E5%BE%AE%E5%8D%9A+</text>
      <textColor>4285032810</textColor>
      <lineSpacing>0</lineSpacing>
      <selectedIndex>-1</selectedIndex>
    </control>
    <control controlID="A332D12C-41C7-43DF-9D4D-ABE47BAA3F05" controlTypeID="Label" x="696" y="828" w="50" h="19" zOrder="18">
      <states>
        <state propName="TextColor" stateType="state_mouseOver" isChecked="True" value="4294914918" varType="20"/>
      </states>
      <font family="%E5%BE%AE%E8%BD%AF%E9%9B%85%E9%BB%91" displayName="%E5%BE%AE%E8%BD%AF%E9%9B%85%E9%BB%91" postScript="" weightStyle="Regular" weight="400" isBold="False" isItalic="False"/>
      <text>QQ%E7%A9%BA%E9%97%B4</text>
      <textColor>4285032810</textColor>
      <lineSpacing>0</lineSpacing>
      <selectedIndex>-1</selectedIndex>
    </control>
    <control controlID="06DBC02A-56A0-47E8-8B72-8C294DF383CD" controlTypeID="Label" x="696" y="867" w="56" h="19" zOrder="19">
      <states>
        <state propName="TextColor" stateType="state_mouseOver" isChecked="True" value="4294914918" varType="20"/>
      </states>
      <font family="%E5%BE%AE%E8%BD%AF%E9%9B%85%E9%BB%91" displayName="%E5%BE%AE%E8%BD%AF%E9%9B%85%E9%BB%91" postScript="" weightStyle="Regular" weight="400" isBold="False" isItalic="False"/>
      <text>%E8%85%BE%E8%AE%AF%E5%BE%AE%E5%8D%9A</text>
      <textColor>4285032810</textColor>
      <lineSpacing>0</lineSpacing>
      <selectedIndex>-1</selectedIndex>
    </control>
    <control controlID="AB118894-3F4C-4EB2-B5DE-5363801611F7" controlTypeID="QRCode" x="942" y="738" w="102" h="102" zOrder="20"/>
    <control controlID="62A4EEB4-9F32-45D0-A579-E0EFC9BBE718" controlTypeID="QRCode" x="1150" y="738" w="102" h="102" zOrder="21"/>
    <control controlID="228C0FE3-A5F8-494E-A462-C1DC6AC4E4BC" controlTypeID="Label" x="937" y="882" w="112" h="19" zOrder="22">
      <states>
        <state propName="TextColor" stateType="state_mouseOver" isChecked="True" value="4294914918" varType="20"/>
      </states>
      <font family="%E5%BE%AE%E8%BD%AF%E9%9B%85%E9%BB%91" displayName="%E5%BE%AE%E8%BD%AF%E9%9B%85%E9%BB%91" postScript="" weightStyle="Regular" weight="400" isBold="False" isItalic="False"/>
      <text>%E7%BE%8E%E4%B8%BD%E8%AF%B4%E5%BE%AE%E4%BF%A1%E6%9C%8D%E5%8A%A1%E5%8F%B7</text>
      <lineSpacing>0</lineSpacing>
      <selectedIndex>-1</selectedIndex>
    </control>
    <control controlID="76DA6213-7F57-4FAD-9745-6C9432EAA32E" controlTypeID="Label" x="1145" y="881" w="112" h="19" zOrder="23">
      <states>
        <state propName="TextColor" stateType="state_mouseOver" isChecked="True" value="4294914918" varType="20"/>
      </states>
      <font family="%E5%BE%AE%E8%BD%AF%E9%9B%85%E9%BB%91" displayName="%E5%BE%AE%E8%BD%AF%E9%9B%85%E9%BB%91" postScript="" weightStyle="Regular" weight="400" isBold="False" isItalic="False"/>
      <text>%E7%BE%8E%E4%B8%BD%E8%AF%B4%E5%AE%A2%E6%88%B7%E7%AB%AF%E4%B8%8B%E8%BD%BD</text>
      <lineSpacing>0</lineSpacing>
      <selectedIndex>-1</selectedIndex>
    </control>
    <control controlID="B68CF752-706B-46BE-8368-F707B52DAAA2" controlTypeID="Line" x="130" y="940" w="1124" h="2" zOrder="24">
      <color>4292730333</color>
      <font family="%E5%BE%AE%E8%BD%AF%E9%9B%85%E9%BB%91" displayName="%E5%BE%AE%E8%BD%AF%E9%9B%85%E9%BB%91" postScript="" weightStyle="Regular" weight="400" isBold="False" isItalic="False"/>
      <textSize>14</textSize>
      <lineSpacing>0</lineSpacing>
      <selectedIndex>-1</selectedIndex>
      <controlPoint>(562,1)</controlPoint>
      <startPoint>(1,1)</startPoint>
      <endPoint>(1124,1)</endPoint>
    </control>
    <control controlID="4CF70D7A-7A1E-49D7-975E-8D507E07DABE" controlTypeID="Label" x="447" y="973" w="490" h="19" zOrder="25">
      <font family="%E5%BE%AE%E8%BD%AF%E9%9B%85%E9%BB%91" displayName="%E5%BE%AE%E8%BD%AF%E9%9B%85%E9%BB%91" postScript="" weightStyle="Regular" weight="400" isBold="False" isItalic="False"/>
      <text>+Copyright+%C2%A92017+Meilishuo.com++%E7%94%B5%E4%BF%A1%E4%B8%8E%E4%BF%A1%E6%81%AF%E6%9C%8D%E5%8A%A1%E4%B8%9A%E5%8A%A1%E7%BB%8F%E8%90%A5%E8%AE%B8%E5%8F%AF%E8%AF%81100798%E5%8F%B7</text>
      <lineSpacing>0</lineSpacing>
      <selectedIndex>-1</selectedIndex>
    </control>
    <control controlID="4F20D0D9-AF35-4679-95F7-4C3732671847" controlTypeID="Label" x="302" y="42" w="955" h="19" zOrder="26">
      <font family="%E5%BE%AE%E8%BD%AF%E9%9B%85%E9%BB%91" displayName="%E5%BE%AE%E8%BD%AF%E9%9B%85%E9%BB%91" postScript="" weightStyle="Regular" weight="400" isBold="False" isItalic="False"/>
      <text>%E4%BE%9D%E3%80%8A%E7%BD%91%E7%BB%9C%E5%AE%89%E5%85%A8%E6%B3%95%E3%80%8B%E7%9B%B8%E5%85%B3%E8%A6%81%E6%B1%82%EF%BC%8C%E5%8D%B3%E6%97%A5%E8%B5%B7%E7%BE%8E%E4%B8%BD%E8%AF%B4%E4%BC%9A%E5%91%98%E7%99%BB%E9%99%86%E9%9C%80%E7%BB%91%E5%AE%9A%E6%89%8B%E6%9C%BA%E3%80%82%E4%B8%BA%E4%BF%9D%E9%9A%9C%E6%82%A8%E7%9A%84%E8%B4%A6%E6%88%B7%E5%AE%89%E5%85%A8%E5%8F%8A%E6%AD%A3%E5%B8%B8%E4%BD%BF%E7%94%A8%EF%BC%8C%E5%A6%82%E6%82%A8%E5%B0%9A%E6%9C%AA%E7%BB%91%E5%AE%9A%EF%BC%8C%E8%AF%B7%E5%B0%BD%E5%BF%AB%E5%AE%8C%E6%88%90%E7%BB%91%E5%AE%9A%EF%BC%8C%E6%84%9F%E8%B0%A2%E6%82%A8%E7%9A%84%E7%90%86%E8%A7%A3%E5%92%8C%E6%94%AF%E6%8C%81!</text>
      <lineSpacing>0</lineSpacing>
      <selectedIndex>-1</selectedIndex>
    </control>
    <control controlID="28CAD951-BD2B-415A-90F7-0571EC1F8929" controlTypeID="__group__" x="776" y="191" w="440" h="383" zOrder="27">
      <groupChildrenDescriptors>
        <control controlID="A263EDEE-1A32-4FD4-A3C5-C1F873BFE9B5" controlTypeID="Shape" x="0" y="0" w="440" h="383" zOrder="0">
          <borderColor>4291611852</borderColor>
          <font family="%E5%BE%AE%E8%BD%AF%E9%9B%85%E9%BB%91" displayName="%E5%BE%AE%E8%BD%AF%E9%9B%85%E9%BB%91" postScript="" weightStyle="Regular" weight="400" isBold="False" isItalic="False"/>
          <textSize>14</textSize>
          <selectedIndex>-1</selectedIndex>
        </control>
        <control controlID="010AE81D-3904-4413-9EF6-85526822BD01" controlTypeID="TextInput" x="50" y="110" w="340" h="34" zOrder="1">
          <borderColor>4291611852</borderColor>
          <font family="%E5%BE%AE%E8%BD%AF%E9%9B%85%E9%BB%91" displayName="%E5%BE%AE%E8%BD%AF%E9%9B%85%E9%BB%91" postScript="" weightStyle="Regular" weight="400" isBold="False" isItalic="False"/>
          <text>%E8%AF%B7%E8%BE%93%E5%85%A5%E7%94%A8%E6%88%B7%E5%90%8D%2F%E9%82%AE%E7%AE%B1%2F%E6%89%8B%E6%9C%BA%E5%8F%B7</text>
          <textColor>4290691264</textColor>
          <lineSpacing>0</lineSpacing>
          <selectedIndex>-1</selectedIndex>
        </control>
        <control controlID="8A1821BA-CD65-45BC-88C7-92360BBE1164" controlTypeID="TextInput" x="50" y="169" w="340" h="34" zOrder="2">
          <borderColor>4291611852</borderColor>
          <font family="%E5%BE%AE%E8%BD%AF%E9%9B%85%E9%BB%91" displayName="%E5%BE%AE%E8%BD%AF%E9%9B%85%E9%BB%91" postScript="" weightStyle="Regular" weight="400" isBold="False" isItalic="False"/>
          <text>%E5%AF%86%E7%A0%81</text>
          <textColor>4290691264</textColor>
          <lineSpacing>0</lineSpacing>
          <selectedIndex>-1</selectedIndex>
        </control>
        <control controlID="A6433D6A-CF05-4404-BEB4-9AF5E91914C7" controlTypeID="Button" x="50" y="246" w="340" h="40" zOrder="3">
          <states>
            <state propName="Color" stateType="state_mouseOver" isChecked="True" value="3439276902" varType="20"/>
          </states>
          <color>4294914918</color>
          <borderVisible>False</borderVisible>
          <font family="%E5%BE%AE%E8%BD%AF%E9%9B%85%E9%BB%91" displayName="%E5%BE%AE%E8%BD%AF%E9%9B%85%E9%BB%91" postScript="" weightStyle="Regular" weight="400" isBold="False" isItalic="False"/>
          <text>%E7%A1%AE%E5%AE%9A</text>
          <textColor>4294967295</textColor>
          <lineSpacing>0</lineSpacing>
          <selectedIndex>-1</selectedIndex>
          <radius>4</radius>
        </control>
        <control controlID="EFE112E8-7D13-46A2-9043-5B4DCF66DEBC" controlTypeID="Icon" x="50" y="314" w="24" h="24" zOrder="4">
          <color>4281584691</color>
          <icon>
            <ID/>
            <iconFontName>jdFontAwesome</iconFontName>
            <iconCode>61911</iconCode>
          </icon>
          <URL>8FCAE88BF9E7F70E7C2A7CED8744F6DC.svg</URL>
        </control>
        <control controlID="B79D8294-E24C-4CBD-9D64-35349B467355" controlTypeID="Label" x="82" y="316" w="56" h="19" zOrder="5">
          <states>
            <state propName="Alpha100" stateType="state_mouseOver" isChecked="True" value="80" varType="4"/>
          </states>
          <font family="%E5%BE%AE%E8%BD%AF%E9%9B%85%E9%BB%91" displayName="%E5%BE%AE%E8%BD%AF%E9%9B%85%E9%BB%91" postScript="" weightStyle="Regular" weight="400" isBold="False" isItalic="False"/>
          <text>%E5%BE%AE%E4%BF%A1%E7%99%BB%E5%BD%95</text>
          <textColor>4285032810</textColor>
          <lineSpacing>0</lineSpacing>
          <selectedIndex>-1</selectedIndex>
        </control>
        <control controlID="8D46579E-A6A5-4BBC-8F67-A70808D839DC" controlTypeID="Label" x="249" y="316" w="55" h="19" zOrder="6">
          <font family="%E5%BE%AE%E8%BD%AF%E9%9B%85%E9%BB%91" displayName="%E5%BE%AE%E8%BD%AF%E9%9B%85%E9%BB%91" postScript="" weightStyle="Regular" weight="400" isBold="False" isItalic="False"/>
          <text>%E5%BF%98%E8%AE%B0%E5%AF%86%E7%A0%81</text>
          <lineSpacing>0</lineSpacing>
          <selectedIndex>-1</selectedIndex>
        </control>
        <control controlID="C4FD9291-0023-4987-9D47-E1DD6CB5C5B0" controlTypeID="Label" x="334" y="316" w="56" h="19" zOrder="7">
          <states>
            <state propName="TextColor" stateType="state_mouseOver" isChecked="True" value="3439276902" varType="20"/>
          </states>
          <font family="%E5%BE%AE%E8%BD%AF%E9%9B%85%E9%BB%91" displayName="%E5%BE%AE%E8%BD%AF%E9%9B%85%E9%BB%91" postScript="" weightStyle="Regular" weight="400" isBold="False" isItalic="False"/>
          <text>%E5%85%8D%E8%B4%B9%E6%B3%A8%E5%86%8C</text>
          <textColor>4294914918</textColor>
          <lineSpacing>0</lineSpacing>
          <selectedIndex>-1</selectedIndex>
        </control>
      </groupChildrenDescriptors>
    </control>
    <control controlID="741F986F-8563-4E84-A284-BB2FDA13C40E" controlTypeID="ButtonBar" x="826" y="241" w="340" h="28" zOrder="28">
      <borderColor>4294914918</borderColor>
      <interactiveData>
        <entry title="%E6%99%AE%E9%80%9A%E7%99%BB%E5%BD%95">
          <area shape="0" alt="" ID="{C517F0AA-B066-485A-A684-F796C7DB580F}" coords="(0.5,0.5,170.5,27.5)"/>
          <events title="">
            <event eventType="atClick" isChecked="True">
              <behaviour title="" isChecked="True" isWait="False" isLoop="False" execMode="emParallel">
                <target targetID="28CAD951-BD2B-415A-90F7-0571EC1F8929" isChecked="True" isAutoRecovery="False" isLoop="False" execMode="emSequence">
                  <command name="Change Visibility" isChecked="True" descrition="">
                    <param name="AniInterpolation" value="1" varType="3" description=""/>
                    <param name="AniDuration" value="200" varType="3" description=""/>
                    <param name="AniAutoReverse" value="False" varType="11" description=""/>
                    <param name="AniLoop" value="False" varType="11" description=""/>
                    <param name="AniInterpolationTypeOut" value="False" varType="11" description=""/>
                    <param name="Delay" value="0" varType="3" description=""/>
                    <param name="ValueFromCurrent" value="True" varType="11" description=""/>
                    <param name="ForceFromInitValue" value="False" varType="11" description=""/>
                    <param name="ForceSetVisible" value="False" varType="11" description=""/>
                    <param name="Value" value="0" varType="3" description=""/>
                    <param name="TerminateLoopByClick" value="True" varType="11" description=""/>
                  </command>
                </target>
                <target targetID="3C34C335-BDE4-4620-B682-5FA96F91D0E3" isChecked="True" isAutoRecovery="False" isLoop="False" execMode="emSequence">
                  <command name="Change Visibility" isChecked="True" descrition="">
                    <param name="AniInterpolation" value="1" varType="3" description=""/>
                    <param name="AniDuration" value="200" varType="3" description=""/>
                    <param name="AniAutoReverse" value="False" varType="11" description=""/>
                    <param name="AniLoop" value="False" varType="11" description=""/>
                    <param name="AniInterpolationTypeOut" value="False" varType="11" description=""/>
                    <param name="Delay" value="0" varType="3" description=""/>
                    <param name="ValueFromCurrent" value="True" varType="11" description=""/>
                    <param name="ForceFromInitValue" value="False" varType="11" description=""/>
                    <param name="ForceSetVisible" value="False" varType="11" description=""/>
                    <param name="Value" value="1" varType="3" description=""/>
                    <param name="TerminateLoopByClick" value="True" varType="11" description=""/>
                  </command>
                </target>
              </behaviour>
            </event>
          </events>
        </entry>
        <entry title="%E6%89%8B%E6%9C%BA%E6%97%A0%E5%AF%86%E7%A0%81%E7%99%BB%E5%BD%95">
          <area shape="0" alt="" ID="{C4DD319D-30B2-4F43-9A4E-6EE715E08117}" coords="(170.5,0.5,339.5,27.5)"/>
          <events title="">
            <event eventType="atClick" isChecked="True">
              <behaviour title="" isChecked="True" isWait="False" isLoop="False" execMode="emParallel">
                <target targetID="28CAD951-BD2B-415A-90F7-0571EC1F8929" isChecked="True" isAutoRecovery="False" isLoop="False" execMode="emSequence">
                  <command name="Change Visibility" isChecked="True" descrition="">
                    <param name="AniInterpolation" value="1" varType="3" description=""/>
                    <param name="AniDuration" value="200" varType="3" description=""/>
                    <param name="AniAutoReverse" value="False" varType="11" description=""/>
                    <param name="AniLoop" value="False" varType="11" description=""/>
                    <param name="AniInterpolationTypeOut" value="False" varType="11" description=""/>
                    <param name="Delay" value="0" varType="3" description=""/>
                    <param name="ValueFromCurrent" value="True" varType="11" description=""/>
                    <param name="ForceFromInitValue" value="False" varType="11" description=""/>
                    <param name="ForceSetVisible" value="False" varType="11" description=""/>
                    <param name="Value" value="1" varType="3" description=""/>
                    <param name="TerminateLoopByClick" value="True" varType="11" description=""/>
                  </command>
                </target>
                <target targetID="3C34C335-BDE4-4620-B682-5FA96F91D0E3" isChecked="True" isAutoRecovery="False" isLoop="False" execMode="emSequence">
                  <command name="Change Visibility" isChecked="True" descrition="">
                    <param name="AniInterpolation" value="1" varType="3" description=""/>
                    <param name="AniDuration" value="200" varType="3" description=""/>
                    <param name="AniAutoReverse" value="False" varType="11" description=""/>
                    <param name="AniLoop" value="False" varType="11" description=""/>
                    <param name="AniInterpolationTypeOut" value="False" varType="11" description=""/>
                    <param name="Delay" value="0" varType="3" description=""/>
                    <param name="ValueFromCurrent" value="True" varType="11" description=""/>
                    <param name="ForceFromInitValue" value="False" varType="11" description=""/>
                    <param name="ForceSetVisible" value="False" varType="11" description=""/>
                    <param name="Value" value="0" varType="3" description=""/>
                    <param name="TerminateLoopByClick" value="True" varType="11" description=""/>
                  </command>
                </target>
              </behaviour>
            </event>
          </events>
        </entry>
      </interactiveData>
      <font family="%E5%BE%AE%E8%BD%AF%E9%9B%85%E9%BB%91" displayName="%E5%BE%AE%E8%BD%AF%E9%9B%85%E9%BB%91" postScript="" weightStyle="Regular" weight="400" isBold="False" isItalic="False"/>
      <text>%E6%99%AE%E9%80%9A%E7%99%BB%E5%BD%95%2C%E6%89%8B%E6%9C%BA%E6%97%A0%E5%AF%86%E7%A0%81%E7%99%BB%E5%BD%95</text>
      <textSize>14</textSize>
      <lineSpacing>0</lineSpacing>
      <selectedColor>4294914918</selectedColor>
      <selectedTextColor>4294967295</selectedTextColor>
    </control>
  </controls>
  <param>
    <backgroundColor>4294967295</backgroundColor>
    <fontSize>14</fontSize>
    <fontFamily>%E5%BE%AE%E8%BD%AF%E9%9B%85%E9%BB%91</fontFamily>
    <guideLines>
      <guideLine isLocked="False" isHori="True" value="132"/>
      <guideLine isLocked="False" isHori="True" value="1258"/>
      <guideLine isLocked="False" isHori="False" value="224"/>
    </guideLines>
  </param>
</mockup>