﻿<LinkSources version="1.02">
  <page ID="52234D07-DCBC-45D0-BE62-EB2C082A43BA">
    <linkSource sourcePageID="52234D07-DCBC-45D0-BE62-EB2C082A43BA" comID="C4845303-EC5C-4410-972C-1F6730410216" comLinkType="cltPageLink"/>
    <linkSource sourcePageID="E0A4A814-3586-45F2-8E23-8A6E7EA9749F" comID="C4845303-EC5C-4410-972C-1F6730410216" comLinkType="cltPageLink"/>
    <linkSource sourcePageID="E0A4A814-3586-45F2-8E23-8A6E7EA9749F" comID="4E7D77C1-CB84-45E6-96A2-9043DF4BECF9" comLinkType="cltPageLink"/>
    <linkSource sourcePageID="F38377CB-A507-4B69-92C4-88C0ACA5915D" comID="C4845303-EC5C-4410-972C-1F6730410216" comLinkType="cltPageLink"/>
    <linkSource sourcePageID="E1D780B4-7A2A-408B-898E-B69CA3745AC0" comID="C4845303-EC5C-4410-972C-1F6730410216" comLinkType="cltPageLink"/>
    <linkSource sourcePageID="E1D780B4-7A2A-408B-898E-B69CA3745AC0" comID="4E7D77C1-CB84-45E6-96A2-9043DF4BECF9" comLinkType="cltPageLink"/>
    <linkSource sourcePageID="3D66D159-D5D7-4929-B389-CA2CF43DBC5A" comID="C4845303-EC5C-4410-972C-1F6730410216" comLinkType="cltPageLink"/>
    <linkSource sourcePageID="3D66D159-D5D7-4929-B389-CA2CF43DBC5A" comID="4E7D77C1-CB84-45E6-96A2-9043DF4BECF9" comLinkType="cltPageLink"/>
    <linkSource sourcePageID="E0A4A814-3586-45F2-8E23-8A6E7EA9749F" comID="B750F3A3-E530-46AF-A3AE-D304ED183799" comLinkType="cltPageLink"/>
    <linkSource sourcePageID="E0A4A814-3586-45F2-8E23-8A6E7EA9749F" comID="BB7B93F3-5015-4801-A6A7-9B3A9CE63E88" comLinkType="cltPageLink"/>
    <linkSource sourcePageID="3D66D159-D5D7-4929-B389-CA2CF43DBC5A" comID="B750F3A3-E530-46AF-A3AE-D304ED183799" comLinkType="cltPageLink"/>
    <linkSource sourcePageID="3D66D159-D5D7-4929-B389-CA2CF43DBC5A" comID="BB7B93F3-5015-4801-A6A7-9B3A9CE63E88" comLinkType="cltPageLink"/>
    <linkSource sourcePageID="E1D780B4-7A2A-408B-898E-B69CA3745AC0" comID="BB7B93F3-5015-4801-A6A7-9B3A9CE63E88" comLinkType="cltPageLink"/>
    <linkSource sourcePageID="E1D780B4-7A2A-408B-898E-B69CA3745AC0" comID="B750F3A3-E530-46AF-A3AE-D304ED183799" comLinkType="cltPageLink"/>
    <linkSource sourcePageID="ED898692-22FD-4CE4-992B-5EA8D7C57989" comID="58916965-0D04-4D72-AF64-C5CD15266CC3" comLinkType="cltPageLink"/>
    <linkSource sourcePageID="ED898692-22FD-4CE4-992B-5EA8D7C57989" comID="97DE194D-8177-4EC3-899A-26E233DED30C" comLinkType="cltPageLink"/>
    <linkSource sourcePageID="85E2984C-C374-408E-BF1E-5EF04FC06B71" comID="F74DB378-E0D4-43D3-A31D-8E3CF64A77D3" comLinkType="cltPageLink"/>
    <linkSource sourcePageID="52234D07-DCBC-45D0-BE62-EB2C082A43BA" comID="3CED7BC9-E69D-4554-992B-48A005CD484D" comLinkType="cltPageLink"/>
    <linkSource sourcePageID="A55E6F3E-E55F-428A-B20D-D3DA3A4426FC" comID="7A779CDA-5790-4D86-B339-7F6D0E338F70" comLinkType="cltPageLink"/>
    <linkSource sourcePageID="A55E6F3E-E55F-428A-B20D-D3DA3A4426FC" comID="F9E77148-6981-4E61-A8A9-BA72815AC97D" comLinkType="cltPageLink"/>
    <linkSource sourcePageID="67765B1C-1D9E-4519-881D-BE605B375263" comID="A9396326-B385-4863-A20B-363C6E2C3434" comLinkType="cltPageLink"/>
    <linkSource sourcePageID="13F09C4F-16D4-4769-8136-82DFBD63F69B" comID="9FF2C216-EEA9-48D1-8A48-57562BFC2130" comLinkType="cltPageLink"/>
    <linkSource sourcePageID="C78E5E50-460D-43F6-9CBB-9D72E96C68BF" comID="84651DB2-A241-4663-9081-7E5ABA3BF9FF" comLinkType="cltPageLink"/>
    <linkSource sourcePageID="888EB620-9A0C-4BB9-B330-0F36791C448D" comID="A9DCE1DD-23A3-4BA2-BA61-1ADE3C32F58F" comLinkType="cltPageLink"/>
    <linkSource sourcePageID="9C24D049-94C2-4299-8606-4A1774DF4E98" comID="689E84A9-F586-4D20-83BD-D575A441D8AB" comLinkType="cltPageLink"/>
    <linkSource sourcePageID="3B1D36D9-ED96-4F69-A976-ABFC1B0289F4" comID="D391CAF4-DC21-476C-AB8F-2D3EDEB6E12C" comLinkType="cltPageLink"/>
    <linkSource sourcePageID="7622A5FD-C05C-4C70-8BDA-559B6D6F3F15" comID="C900BEA2-E244-4E37-830E-BD4AB8916AB5" comLinkType="cltPageLink"/>
    <linkSource sourcePageID="64294FC6-6BA2-4380-839F-643C01E444E4" comID="2BC04921-417A-4760-9F29-E66E8E6AE1A7" comLinkType="cltPageLink"/>
    <linkSource sourcePageID="891C3A98-9653-430B-8617-8387697576AD" comID="234F4B08-6C06-4B5F-9DBE-743D502D351A" comLinkType="cltPageLink"/>
    <linkSource sourcePageID="88E29974-CF81-455B-AF40-1535680065EC" comID="83112CC5-077A-4E63-917D-234FBF8B61D7" comLinkType="cltPageLink"/>
    <linkSource sourcePageID="70379ED5-4882-4530-B314-017A6C196B45" comID="D18D8CEA-DB5E-4F24-8361-4B8A8CBF6736" comLinkType="cltPageLink"/>
    <linkSource sourcePageID="CCAF61B9-D970-4CBC-9123-84A93A323E8D" comID="B3CE9C3C-D5E0-4E4E-80CE-F528B2AFB228" comLinkType="cltPageLink"/>
    <linkSource sourcePageID="C3AD961E-A57D-48D3-9797-6FD7603F4F44" comID="60E690CB-7880-4844-A23B-E19B4CAC0CDC" comLinkType="cltPageLink"/>
    <linkSource sourcePageID="888EB620-9A0C-4BB9-B330-0F36791C448D" comID="BD4FB91B-537D-4515-8664-CCDA7A4BD45A" comLinkType="cltPageLink"/>
  </page>
  <page ID="A55E6F3E-E55F-428A-B20D-D3DA3A4426FC">
    <linkSource sourcePageID="ED898692-22FD-4CE4-992B-5EA8D7C57989" comID="58916965-0D04-4D72-AF64-C5CD15266CC3" comLinkType="cltPageLink"/>
    <linkSource sourcePageID="85E2984C-C374-408E-BF1E-5EF04FC06B71" comID="F74DB378-E0D4-43D3-A31D-8E3CF64A77D3" comLinkType="cltPageLink"/>
    <linkSource sourcePageID="52234D07-DCBC-45D0-BE62-EB2C082A43BA" comID="3CED7BC9-E69D-4554-992B-48A005CD484D" comLinkType="cltPageLink"/>
    <linkSource sourcePageID="A55E6F3E-E55F-428A-B20D-D3DA3A4426FC" comID="7A779CDA-5790-4D86-B339-7F6D0E338F70" comLinkType="cltPageLink"/>
    <linkSource sourcePageID="A55E6F3E-E55F-428A-B20D-D3DA3A4426FC" comID="F9E77148-6981-4E61-A8A9-BA72815AC97D" comLinkType="cltPageLink"/>
    <linkSource sourcePageID="67765B1C-1D9E-4519-881D-BE605B375263" comID="A9396326-B385-4863-A20B-363C6E2C3434" comLinkType="cltPageLink"/>
    <linkSource sourcePageID="13F09C4F-16D4-4769-8136-82DFBD63F69B" comID="9FF2C216-EEA9-48D1-8A48-57562BFC2130" comLinkType="cltPageLink"/>
    <linkSource sourcePageID="C78E5E50-460D-43F6-9CBB-9D72E96C68BF" comID="84651DB2-A241-4663-9081-7E5ABA3BF9FF" comLinkType="cltPageLink"/>
    <linkSource sourcePageID="888EB620-9A0C-4BB9-B330-0F36791C448D" comID="A9DCE1DD-23A3-4BA2-BA61-1ADE3C32F58F" comLinkType="cltPageLink"/>
    <linkSource sourcePageID="9C24D049-94C2-4299-8606-4A1774DF4E98" comID="689E84A9-F586-4D20-83BD-D575A441D8AB" comLinkType="cltPageLink"/>
    <linkSource sourcePageID="3B1D36D9-ED96-4F69-A976-ABFC1B0289F4" comID="D391CAF4-DC21-476C-AB8F-2D3EDEB6E12C" comLinkType="cltPageLink"/>
    <linkSource sourcePageID="7622A5FD-C05C-4C70-8BDA-559B6D6F3F15" comID="C900BEA2-E244-4E37-830E-BD4AB8916AB5" comLinkType="cltPageLink"/>
    <linkSource sourcePageID="64294FC6-6BA2-4380-839F-643C01E444E4" comID="2BC04921-417A-4760-9F29-E66E8E6AE1A7" comLinkType="cltPageLink"/>
    <linkSource sourcePageID="891C3A98-9653-430B-8617-8387697576AD" comID="234F4B08-6C06-4B5F-9DBE-743D502D351A" comLinkType="cltPageLink"/>
    <linkSource sourcePageID="88E29974-CF81-455B-AF40-1535680065EC" comID="83112CC5-077A-4E63-917D-234FBF8B61D7" comLinkType="cltPageLink"/>
    <linkSource sourcePageID="70379ED5-4882-4530-B314-017A6C196B45" comID="D18D8CEA-DB5E-4F24-8361-4B8A8CBF6736" comLinkType="cltPageLink"/>
    <linkSource sourcePageID="CCAF61B9-D970-4CBC-9123-84A93A323E8D" comID="B3CE9C3C-D5E0-4E4E-80CE-F528B2AFB228" comLinkType="cltPageLink"/>
    <linkSource sourcePageID="C3AD961E-A57D-48D3-9797-6FD7603F4F44" comID="60E690CB-7880-4844-A23B-E19B4CAC0CDC" comLinkType="cltPageLink"/>
    <linkSource sourcePageID="888EB620-9A0C-4BB9-B330-0F36791C448D" comID="BD4FB91B-537D-4515-8664-CCDA7A4BD45A" comLinkType="cltPageLink"/>
  </page>
  <page ID="9C24D049-94C2-4299-8606-4A1774DF4E98">
    <linkSource sourcePageID="A55E6F3E-E55F-428A-B20D-D3DA3A4426FC" comID="D391A594-1452-4B7D-9DBD-1619D7534BDA" comLinkType="cltPageLink"/>
  </page>
  <page ID="3B1D36D9-ED96-4F69-A976-ABFC1B0289F4">
    <linkSource sourcePageID="A55E6F3E-E55F-428A-B20D-D3DA3A4426FC" comID="94226B68-1D21-414B-8469-CE6BFB7B2CAF" comLinkType="cltPageLink"/>
  </page>
  <page ID="7622A5FD-C05C-4C70-8BDA-559B6D6F3F15">
    <linkSource sourcePageID="A55E6F3E-E55F-428A-B20D-D3DA3A4426FC" comID="CD3F4829-E2DE-424B-BAE5-0EFA3548E5CF" comLinkType="cltPageLink"/>
  </page>
  <page ID="64294FC6-6BA2-4380-839F-643C01E444E4">
    <linkSource sourcePageID="A55E6F3E-E55F-428A-B20D-D3DA3A4426FC" comID="4E68FF81-E84F-46A4-8E9E-408F21CC81A7" comLinkType="cltPageLink"/>
  </page>
  <page ID="891C3A98-9653-430B-8617-8387697576AD">
    <linkSource sourcePageID="ED898692-22FD-4CE4-992B-5EA8D7C57989" comID="58916965-0D04-4D72-AF64-C5CD15266CC3" comLinkType="cltPageLink"/>
    <linkSource sourcePageID="85E2984C-C374-408E-BF1E-5EF04FC06B71" comID="F74DB378-E0D4-43D3-A31D-8E3CF64A77D3" comLinkType="cltPageLink"/>
    <linkSource sourcePageID="52234D07-DCBC-45D0-BE62-EB2C082A43BA" comID="3CED7BC9-E69D-4554-992B-48A005CD484D" comLinkType="cltPageLink"/>
    <linkSource sourcePageID="A55E6F3E-E55F-428A-B20D-D3DA3A4426FC" comID="7A779CDA-5790-4D86-B339-7F6D0E338F70" comLinkType="cltPageLink"/>
    <linkSource sourcePageID="A55E6F3E-E55F-428A-B20D-D3DA3A4426FC" comID="F9E77148-6981-4E61-A8A9-BA72815AC97D" comLinkType="cltPageLink"/>
    <linkSource sourcePageID="67765B1C-1D9E-4519-881D-BE605B375263" comID="A9396326-B385-4863-A20B-363C6E2C3434" comLinkType="cltPageLink"/>
    <linkSource sourcePageID="13F09C4F-16D4-4769-8136-82DFBD63F69B" comID="9FF2C216-EEA9-48D1-8A48-57562BFC2130" comLinkType="cltPageLink"/>
    <linkSource sourcePageID="C78E5E50-460D-43F6-9CBB-9D72E96C68BF" comID="84651DB2-A241-4663-9081-7E5ABA3BF9FF" comLinkType="cltPageLink"/>
    <linkSource sourcePageID="888EB620-9A0C-4BB9-B330-0F36791C448D" comID="A9DCE1DD-23A3-4BA2-BA61-1ADE3C32F58F" comLinkType="cltPageLink"/>
    <linkSource sourcePageID="9C24D049-94C2-4299-8606-4A1774DF4E98" comID="689E84A9-F586-4D20-83BD-D575A441D8AB" comLinkType="cltPageLink"/>
    <linkSource sourcePageID="3B1D36D9-ED96-4F69-A976-ABFC1B0289F4" comID="D391CAF4-DC21-476C-AB8F-2D3EDEB6E12C" comLinkType="cltPageLink"/>
    <linkSource sourcePageID="7622A5FD-C05C-4C70-8BDA-559B6D6F3F15" comID="C900BEA2-E244-4E37-830E-BD4AB8916AB5" comLinkType="cltPageLink"/>
    <linkSource sourcePageID="64294FC6-6BA2-4380-839F-643C01E444E4" comID="2BC04921-417A-4760-9F29-E66E8E6AE1A7" comLinkType="cltPageLink"/>
    <linkSource sourcePageID="891C3A98-9653-430B-8617-8387697576AD" comID="234F4B08-6C06-4B5F-9DBE-743D502D351A" comLinkType="cltPageLink"/>
    <linkSource sourcePageID="88E29974-CF81-455B-AF40-1535680065EC" comID="83112CC5-077A-4E63-917D-234FBF8B61D7" comLinkType="cltPageLink"/>
    <linkSource sourcePageID="70379ED5-4882-4530-B314-017A6C196B45" comID="D18D8CEA-DB5E-4F24-8361-4B8A8CBF6736" comLinkType="cltPageLink"/>
    <linkSource sourcePageID="CCAF61B9-D970-4CBC-9123-84A93A323E8D" comID="B3CE9C3C-D5E0-4E4E-80CE-F528B2AFB228" comLinkType="cltPageLink"/>
    <linkSource sourcePageID="C3AD961E-A57D-48D3-9797-6FD7603F4F44" comID="60E690CB-7880-4844-A23B-E19B4CAC0CDC" comLinkType="cltPageLink"/>
    <linkSource sourcePageID="888EB620-9A0C-4BB9-B330-0F36791C448D" comID="BD4FB91B-537D-4515-8664-CCDA7A4BD45A" comLinkType="cltPageLink"/>
  </page>
  <page ID="88E29974-CF81-455B-AF40-1535680065EC">
    <linkSource sourcePageID="891C3A98-9653-430B-8617-8387697576AD" comID="7D6FFDAE-E782-4ED2-BB0E-E23A054438A5" comLinkType="cltPageLink"/>
    <linkSource sourcePageID="891C3A98-9653-430B-8617-8387697576AD" comID="90D5C043-AFC0-48FA-AC13-E0F243AE5BE9" comLinkType="cltPageLink"/>
  </page>
  <page ID="70379ED5-4882-4530-B314-017A6C196B45">
    <linkSource sourcePageID="891C3A98-9653-430B-8617-8387697576AD" comID="B6B7A6ED-F952-46C8-A1CE-8F36C461822F" comLinkType="cltPageLink"/>
    <linkSource sourcePageID="891C3A98-9653-430B-8617-8387697576AD" comID="FA6D5BD8-06DE-4439-BACA-ABECFA015D17" comLinkType="cltPageLink"/>
  </page>
  <page ID="CCAF61B9-D970-4CBC-9123-84A93A323E8D">
    <linkSource sourcePageID="891C3A98-9653-430B-8617-8387697576AD" comID="3901537A-446F-4165-8DA2-ED8EC8401410" comLinkType="cltPageLink"/>
  </page>
  <page ID="C3AD961E-A57D-48D3-9797-6FD7603F4F44">
    <linkSource sourcePageID="ED898692-22FD-4CE4-992B-5EA8D7C57989" comID="58916965-0D04-4D72-AF64-C5CD15266CC3" comLinkType="cltPageLink"/>
    <linkSource sourcePageID="85E2984C-C374-408E-BF1E-5EF04FC06B71" comID="F74DB378-E0D4-43D3-A31D-8E3CF64A77D3" comLinkType="cltPageLink"/>
    <linkSource sourcePageID="52234D07-DCBC-45D0-BE62-EB2C082A43BA" comID="3CED7BC9-E69D-4554-992B-48A005CD484D" comLinkType="cltPageLink"/>
    <linkSource sourcePageID="A55E6F3E-E55F-428A-B20D-D3DA3A4426FC" comID="7A779CDA-5790-4D86-B339-7F6D0E338F70" comLinkType="cltPageLink"/>
    <linkSource sourcePageID="A55E6F3E-E55F-428A-B20D-D3DA3A4426FC" comID="F9E77148-6981-4E61-A8A9-BA72815AC97D" comLinkType="cltPageLink"/>
    <linkSource sourcePageID="891C3A98-9653-430B-8617-8387697576AD" comID="1F5ECE0A-F955-41F3-9410-FE7541E990C1" comLinkType="cltPageLink"/>
    <linkSource sourcePageID="67765B1C-1D9E-4519-881D-BE605B375263" comID="A9396326-B385-4863-A20B-363C6E2C3434" comLinkType="cltPageLink"/>
    <linkSource sourcePageID="13F09C4F-16D4-4769-8136-82DFBD63F69B" comID="9FF2C216-EEA9-48D1-8A48-57562BFC2130" comLinkType="cltPageLink"/>
    <linkSource sourcePageID="C78E5E50-460D-43F6-9CBB-9D72E96C68BF" comID="84651DB2-A241-4663-9081-7E5ABA3BF9FF" comLinkType="cltPageLink"/>
    <linkSource sourcePageID="888EB620-9A0C-4BB9-B330-0F36791C448D" comID="A9DCE1DD-23A3-4BA2-BA61-1ADE3C32F58F" comLinkType="cltPageLink"/>
    <linkSource sourcePageID="9C24D049-94C2-4299-8606-4A1774DF4E98" comID="689E84A9-F586-4D20-83BD-D575A441D8AB" comLinkType="cltPageLink"/>
    <linkSource sourcePageID="3B1D36D9-ED96-4F69-A976-ABFC1B0289F4" comID="D391CAF4-DC21-476C-AB8F-2D3EDEB6E12C" comLinkType="cltPageLink"/>
    <linkSource sourcePageID="7622A5FD-C05C-4C70-8BDA-559B6D6F3F15" comID="C900BEA2-E244-4E37-830E-BD4AB8916AB5" comLinkType="cltPageLink"/>
    <linkSource sourcePageID="64294FC6-6BA2-4380-839F-643C01E444E4" comID="2BC04921-417A-4760-9F29-E66E8E6AE1A7" comLinkType="cltPageLink"/>
    <linkSource sourcePageID="891C3A98-9653-430B-8617-8387697576AD" comID="234F4B08-6C06-4B5F-9DBE-743D502D351A" comLinkType="cltPageLink"/>
    <linkSource sourcePageID="88E29974-CF81-455B-AF40-1535680065EC" comID="83112CC5-077A-4E63-917D-234FBF8B61D7" comLinkType="cltPageLink"/>
    <linkSource sourcePageID="70379ED5-4882-4530-B314-017A6C196B45" comID="D18D8CEA-DB5E-4F24-8361-4B8A8CBF6736" comLinkType="cltPageLink"/>
    <linkSource sourcePageID="CCAF61B9-D970-4CBC-9123-84A93A323E8D" comID="B3CE9C3C-D5E0-4E4E-80CE-F528B2AFB228" comLinkType="cltPageLink"/>
    <linkSource sourcePageID="C3AD961E-A57D-48D3-9797-6FD7603F4F44" comID="60E690CB-7880-4844-A23B-E19B4CAC0CDC" comLinkType="cltPageLink"/>
    <linkSource sourcePageID="888EB620-9A0C-4BB9-B330-0F36791C448D" comID="BD4FB91B-537D-4515-8664-CCDA7A4BD45A" comLinkType="cltPageLink"/>
  </page>
  <page ID="888EB620-9A0C-4BB9-B330-0F36791C448D">
    <linkSource sourcePageID="ED898692-22FD-4CE4-992B-5EA8D7C57989" comID="58916965-0D04-4D72-AF64-C5CD15266CC3" comLinkType="cltPageLink"/>
    <linkSource sourcePageID="85E2984C-C374-408E-BF1E-5EF04FC06B71" comID="F74DB378-E0D4-43D3-A31D-8E3CF64A77D3" comLinkType="cltPageLink"/>
    <linkSource sourcePageID="9C24D049-94C2-4299-8606-4A1774DF4E98" comID="FC315B72-CBEC-486C-A972-92BD81BD954F" comLinkType="cltPageLink"/>
    <linkSource sourcePageID="52234D07-DCBC-45D0-BE62-EB2C082A43BA" comID="3CED7BC9-E69D-4554-992B-48A005CD484D" comLinkType="cltPageLink"/>
    <linkSource sourcePageID="A55E6F3E-E55F-428A-B20D-D3DA3A4426FC" comID="7A779CDA-5790-4D86-B339-7F6D0E338F70" comLinkType="cltPageLink"/>
    <linkSource sourcePageID="A55E6F3E-E55F-428A-B20D-D3DA3A4426FC" comID="F9E77148-6981-4E61-A8A9-BA72815AC97D" comLinkType="cltPageLink"/>
    <linkSource sourcePageID="9C24D049-94C2-4299-8606-4A1774DF4E98" comID="689E84A9-F586-4D20-83BD-D575A441D8AB" comLinkType="cltPageLink"/>
    <linkSource sourcePageID="3B1D36D9-ED96-4F69-A976-ABFC1B0289F4" comID="D391CAF4-DC21-476C-AB8F-2D3EDEB6E12C" comLinkType="cltPageLink"/>
    <linkSource sourcePageID="7622A5FD-C05C-4C70-8BDA-559B6D6F3F15" comID="C900BEA2-E244-4E37-830E-BD4AB8916AB5" comLinkType="cltPageLink"/>
    <linkSource sourcePageID="64294FC6-6BA2-4380-839F-643C01E444E4" comID="2BC04921-417A-4760-9F29-E66E8E6AE1A7" comLinkType="cltPageLink"/>
    <linkSource sourcePageID="891C3A98-9653-430B-8617-8387697576AD" comID="234F4B08-6C06-4B5F-9DBE-743D502D351A" comLinkType="cltPageLink"/>
    <linkSource sourcePageID="88E29974-CF81-455B-AF40-1535680065EC" comID="83112CC5-077A-4E63-917D-234FBF8B61D7" comLinkType="cltPageLink"/>
    <linkSource sourcePageID="70379ED5-4882-4530-B314-017A6C196B45" comID="D18D8CEA-DB5E-4F24-8361-4B8A8CBF6736" comLinkType="cltPageLink"/>
    <linkSource sourcePageID="CCAF61B9-D970-4CBC-9123-84A93A323E8D" comID="B3CE9C3C-D5E0-4E4E-80CE-F528B2AFB228" comLinkType="cltPageLink"/>
    <linkSource sourcePageID="C3AD961E-A57D-48D3-9797-6FD7603F4F44" comID="60E690CB-7880-4844-A23B-E19B4CAC0CDC" comLinkType="cltPageLink"/>
    <linkSource sourcePageID="888EB620-9A0C-4BB9-B330-0F36791C448D" comID="BD4FB91B-537D-4515-8664-CCDA7A4BD45A" comLinkType="cltPageLink"/>
  </page>
</LinkSources>